{"cameraMode":{"drawMode":0,"name":"Shaded","section":"Shading Mode"},"sceneLighting":false,"audioPlay":false,"sceneViewState":{"m_AlwaysRefresh":false,"showFog":true,"showSkybox":false,"showFlares":true,"showImageEffects":true,"showParticleSystems":true,"showVisualEffectGraphs":true,"m_FxEnabled":true},"in2DMode":false,"pivot":{"x":-1.8316468000411988,"y":-1.0724623203277588,"z":11.644384384155274},"rotation":{"x":-0.1467502862215042,"y":-0.00236100354231894,"z":0.0004641694249585271,"w":-0.9889971613883972},"size":9.076041221618653,"orthographic":false}