{"cameraMode":{"drawMode":0,"name":"Shaded","section":"Shading Mode"},"sceneLighting":false,"audioPlay":false,"sceneViewState":{"m_AlwaysRefresh":false,"showFog":true,"showSkybox":false,"showFlares":true,"showImageEffects":true,"showParticleSystems":true,"showVisualEffectGraphs":true,"m_FxEnabled":true},"in2DMode":false,"pivot":{"x":-0.5233106017112732,"y":-2.1206581592559816,"z":9.80513858795166},"rotation":{"x":-0.18667061626911164,"y":0.005034061148762703,"z":-0.0007982136448845267,"w":-0.9822255969047546},"size":10.91146183013916,"orthographic":false}