{"cameraMode":{"drawMode":0,"name":"Shaded","section":"Shading Mode"},"sceneLighting":false,"audioPlay":false,"sceneViewState":{"m_AlwaysRefresh":false,"showFog":true,"showSkybox":false,"showFlares":true,"showImageEffects":true,"showParticleSystems":true,"showVisualEffectGraphs":true,"m_FxEnabled":true},"in2DMode":false,"pivot":{"x":-0.7535369992256165,"y":1.566234827041626,"z":-0.942730724811554},"rotation":{"x":-0.030229199677705766,"y":0.9697688221931458,"z":-0.17077316343784333,"w":-0.17166265845298768},"size":2.1241979598999025,"orthographic":false}