{"cameraMode":{"drawMode":0,"name":"Shaded","section":"Shading Mode"},"sceneLighting":false,"audioPlay":false,"sceneViewState":{"m_AlwaysRefresh":false,"showFog":true,"showSkybox":false,"showFlares":true,"showImageEffects":true,"showParticleSystems":true,"showVisualEffectGraphs":true,"m_FxEnabled":true},"in2DMode":false,"pivot":{"x":0.7585379481315613,"y":0.8878572583198547,"z":4.121728420257568},"rotation":{"x":-0.12562920153141023,"y":0.07195823639631272,"z":-0.009000273421406746,"w":-0.9892469048500061},"size":10.91146183013916,"orthographic":false}